<?xml version="1.0" encoding="UTF-8"?>
<project-private xmlns="http://www.netbeans.org/ns/project-private/1">
    <editor-bookmarks xmlns="http://www.netbeans.org/ns/editor-bookmarks/2" lastBookmarkId="0"/>
    <open-files xmlns="http://www.netbeans.org/ns/projectui-open-files/2">
        <group>
            <file>file:/C:/Users/Sam/Documents/NetBeansProjects/DissertationApplication/src/controller/RoomController.java</file>
            <file>file:/C:/Users/Sam/Documents/NetBeansProjects/DissertationApplication/src/controller/BookingController.java</file>
            <file>file:/C:/Users/Sam/Documents/NetBeansProjects/DissertationApplication/src/view/MenuForm.java</file>
            <file>file:/C:/Users/Sam/Documents/NetBeansProjects/DissertationApplication/src/view/ManageBooking.java</file>
            <file>file:/C:/Users/Sam/Documents/NetBeansProjects/DissertationApplication/src/model/RoomBooking.java</file>
            <file>file:/C:/Users/Sam/Documents/NetBeansProjects/DissertationApplication/src/view/AddRoom.java</file>
            <file>file:/C:/Users/Sam/Documents/NetBeansProjects/DissertationApplication/src/view/BookingsList.java</file>
            <file>file:/C:/Users/Sam/Documents/NetBeansProjects/DissertationApplication/src/model/Customer.java</file>
            <file>file:/C:/Users/Sam/Documents/NetBeansProjects/DissertationApplication/src/view/AddRoomBooking.java</file>
            <file>file:/C:/Users/Sam/Documents/NetBeansProjects/DissertationApplication/src/model/Booking.java</file>
            <file>file:/C:/Users/Sam/Documents/NetBeansProjects/DissertationApplication/src/controller/CustomerController.java</file>
            <file>file:/C:/Users/Sam/Documents/NetBeansProjects/DissertationApplication/src/controller/RoomBookingController.java</file>
            <file>file:/C:/Users/Sam/Documents/NetBeansProjects/DissertationApplication/src/view/RoomList.java</file>
            <file>file:/C:/Users/Sam/Documents/NetBeansProjects/DissertationApplication/src/model/DatabaseConnection.java</file>
            <file>file:/C:/Users/Sam/Documents/NetBeansProjects/DissertationApplication/src/view/ManageRoom.java</file>
            <file>file:/C:/Users/Sam/Documents/NetBeansProjects/DissertationApplication/src/view/AddBooking.java</file>
            <file>file:/C:/Users/Sam/Documents/NetBeansProjects/DissertationApplication/src/model/Room.java</file>
        </group>
    </open-files>
</project-private>
